{"stats":{"minecraft:mined":{"minecraft:tall_grass":4,"minecraft:short_grass":12,"minecraft:grass_block":4,"minecraft:sand":1},"minecraft:custom":{"minecraft:jump":44,"minecraft:time_since_rest":1408,"minecraft:leave_game":1,"minecraft:sprint_one_cm":6873,"minecraft:play_time":1408,"minecraft:damage_taken":10,"minecraft:time_since_death":1408,"minecraft:walk_one_cm":2318,"minecraft:total_world_time":1408,"minecraft:fall_one_cm":962,"minecraft:fly_one_cm":10689},"minecraft:picked_up":{"minecraft:wheat_seeds":1,"minecraft:dirt":4},"minecraft:used":{"minecraft:dirt":4}},"DataVersion":3955}